Id,Ano,Numero_Accidente,Provincia,Mes,Dia,Hora,Dia_Semana,Tipo_Dia,Vehiculos_Implicados,Carretera,Pk,Km,Hm,Sentido,Zona,Tipo_Via,Anchura_Calzada,Anchura_Carril,Marcas_Viales,Arcen,Arcen_Pavimentado,Mediana,Barrera_Seguridad,Paneles_Direccionales,Hitos_Arista,Captafaros,Interseccion_Tipo,Interseccion_Acondicionamiento,Prioridad_Regulada_por,Superficie,Luminosidad,Factores_Atmosfericos,Visibilidad_Restringida_por,Otras_Circunstancias,Senalizacion_Peligro,Aceras,Arboles,Arboles_Metros_Calzada,Visibilidad_Senalizacion_Vertical,Colision_Vehiculos_Marcha,Colision_Vehiculo_Obstaculo_1,Colision_Vehiculo_Obstaculo_2,Atropello_1,Atropello_2,Vuelco_1,Vuelco_2,Salida_Sin_Colision,Salida_Con_Colision,Lado_Salida,Otro,Circulacion,Circulacion_Medidas_Especiales,Distraccion,Inexperiencia_Conductor,Alcohol_Drogas,Cansancio_Sueno,Enfermedad,Velocidad_Inadecuada,Infraccion_Norma_Circulacion,Estado_Condicion_Via,Estado_Condicion_Senalizacion,Tramo_Obras,Mal_Estado_Vehiculo,Averia_Mecanica,Meteorologia_Adversa,Irrupcion_Animal,Circular_Sentido_Contrario,Otro_Factor,Sin_Opinion_Definida,Pendiente,Curvatura,Peralte,GPS_x,GPS_y,GPS_z,Tipo_Est,IMD,Hora_Real,Fuera_o_Interseccion
19390,6,2010460001350,3,3,8,4,1,1,1,CV-40,11.3,11,3,0,1,2,3,2,3,4,2,2,2,1,2,2,7,7,8,3,1,4,9,14,3,1,1,NaN,1,NaN,30,30,NaN,,NaN,,NaN,NaN,NaN,NaN,1,4,2,1,1,1,1,1,1,1,1,1,1,1,1,1,1,1,1,2,1,1,710356.031,4310365.159,297.821,Cob,20131,11,1
2578,2,2006030001285,1,4,17,6,1,3,2,CV-91,16.6,16,6,0,1,5,3,2,3,3,2,1,2,1,2,1,7,7,8,3,2,5,9,14,3,1,3,NaN,2,NaN,NaN,,NaN,,NaN,,NaN,54,50,NaN,1,4,2,1,1,1,1,1,1,1,1,1,1,1,1,1,1,1,1,2,1,1,696793.282,4219296.069,-19.324,Cob,9692,19,2
15079,5,2009030001225,1,5,31,6,7,3,1,CV-925,1.3,1,3,1,1,5,2,3,3,1,2,1,1,2,1,1,7,7,8,3,1,1,9,14,1,1,1,NaN,2,NaN,NaN,,NaN,,NaN,,66,NaN,60,NaN,1,4,1,1,1,1,1,2,1,1,1,1,1,1,1,1,1,1,1,2,1,1,692749.716,4194745.009,40.478,Cob,2107,18,5
13183,4,2008460001803,3,2,29,4,5,1,2,CV-50,0,0,0,1,1,5,2,2,3,3,2,1,1,1,1,1,7,7,8,1,1,1,9,14,2,1,3,NaN,1,2,NaN,,NaN,,NaN,,NaN,NaN,NaN,NaN,1,4,2,1,1,1,1,1,1,1,1,1,1,1,1,1,1,1,1,2,2,2,707032.907,4388850.468,126.175,Cob,17044,11,1
3728,2,2006030003896,1,12,18,5,1,4,1,CV-734,0.1,0,1,1,1,5,2,3,3,3,2,1,1,2,1,2,7,7,5,1,1,1,9,14,1,1,3,NaN,2,NaN,NaN,,NaN,,NaN,,NaN,54,50,NaN,1,4,1,1,1,1,1,2,1,1,1,1,1,1,1,1,1,1,1,2,1,1,773867.451,4297325.567,-1.938,Sec,12709,16,5
9842,3,2007460004265,3,6,4,5,1,4,2,CV-365,2.4,2,4,0,1,5,3,2,3,4,2,2,2,1,2,2,4,1,8,1,1,1,9,14,3,1,1,NaN,2,3,NaN,,NaN,,NaN,,NaN,NaN,NaN,NaN,1,4,1,1,1,1,1,1,1,1,1,1,1,1,1,1,1,1,2,2,1,1,719566.091,4376852.011,62.288,Sec,40056,15,6
5888,2,2006460008360,3,9,26,5,2,1,2,CV-50,10.9,10,9,1,1,5,3,2,3,2,2,1,1,1,2,1,1,1,8,1,1,1,9,14,3,1,3,NaN,2,4,NaN,,NaN,,NaN,,NaN,NaN,NaN,NaN,1,4,2,1,1,1,1,1,1,1,1,1,1,1,1,1,1,1,1,2,1,1,702570.832,4379583.119,133.118,Cob,12744,16,6
13892,4,2008460005335,3,8,6,4,3,1,1,CV-610,15,15,0,0,1,5,1,3,3,1,2,1,1,1,1,1,7,7,8,1,1,1,9,14,1,1,3,NaN,2,NaN,NaN,,NaN,,NaN,,NaN,64,60,NaN,1,4,2,1,1,1,1,1,1,1,1,1,1,1,1,1,1,1,1,2,1,1,726619.417,4314035.393,217.635,Cob,3247,12,1
16473,5,2009460000180,3,1,7,4,3,4,2,CV-410,4,4,0,0,1,5,3,2,3,3,2,1,1,1,2,2,5,1,4,1,1,1,9,14,1,1,3,NaN,2,3,NaN,,NaN,,NaN,,NaN,NaN,NaN,NaN,1,4,2,1,1,1,1,1,1,1,1,1,1,1,1,1,1,1,1,2,2,1,717357.644,4372352.465,36.388,Pri,27477,13,6
17417,5,2009460004918,3,8,25,6,2,1,1,CV-50,51.8,51,8,1,1,5,2,2,3,2,2,1,1,1,1,1,7,7,8,1,5,1,9,14,1,1,1,NaN,2,NaN,NaN,,NaN,,NaN,,66,NaN,60,NaN,1,4,2,1,2,1,1,1,1,1,1,1,1,1,1,1,1,1,1,2,1,1,709134.312,4350482.774,84.072,Cob,1016,22,4
18931,6,2010120000812,2,4,30,5,5,2,1,CV-14,18.6,18,6,1,1,5,3,3,3,3,2,1,2,1,2,1,7,7,8,1,1,1,9,14,1,1,3,NaN,2,NaN,NaN,,NaN,,NaN,,NaN,64,60,NaN,1,4,1,1,1,1,1,2,1,1,1,1,1,1,1,1,1,1,1,2,1,1,737866.64,4507073.041,673.719,Pri,645,16,4
13861,4,2008460005037,3,7,12,4,6,3,2,CV-410,4,4,0,0,1,5,3,2,3,3,2,1,2,1,2,2,5,1,8,1,1,1,9,14,3,1,1,NaN,2,3,NaN,,NaN,,NaN,,NaN,NaN,NaN,NaN,1,4,1,1,1,1,1,1,2,1,1,1,1,1,1,1,1,1,1,2,2,1,717332.473,4372266.354,36.033,Pri,30175,14,6
17564,5,2009460005765,3,10,8,1,4,2,1,CV-500,4,4,0,1,1,5,3,2,3,4,2,2,2,1,2,2,7,7,8,1,5,1,9,14,3,1,1,NaN,1,NaN,30,30,NaN,,NaN,,NaN,NaN,NaN,NaN,1,4,1,1,1,1,1,1,1,1,1,1,1,1,1,1,1,1,2,2,1,1,733432.631,4346145.792,-14.61,Pri,18337,23,1
10201,3,2007460005554,3,8,14,6,2,1,4,CV-60,14.1,14,1,0,1,3,3,2,3,4,2,1,1,1,1,1,7,7,5,1,1,1,9,14,3,1,1,NaN,1,5,NaN,,NaN,,NaN,,NaN,NaN,NaN,NaN,2,4,2,1,2,1,1,1,2,1,1,1,1,1,1,1,1,1,1,2,1,1,723788.435,4307302.954,204.479,Cob,10358,18,1
19860,6,2010460004084,3,7,26,5,1,1,1,CV-50,90,90,0,0,1,5,2,2,3,3,2,1,1,1,1,1,5,1,8,1,1,1,9,14,3,1,1,NaN,1,NaN,NaN,,NaN,,NaN,,57,NaN,50,NaN,1,4,1,1,1,1,1,1,1,1,1,1,1,1,1,1,1,1,1,2,1,1,705294.116,4386139.538,130.163,Cob,10023,15,6
10981,4,2008030000131,1,1,17,3,4,1,1,CV-70,46.5,46,5,1,1,3,2,3,3,3,2,2,2,1,1,1,7,7,8,1,1,1,9,14,3,1,1,NaN,1,NaN,NaN,,NaN,,NaN,,NaN,53,50,NaN,1,4,1,1,1,1,1,2,1,1,1,1,1,1,1,1,1,1,1,2,2,2,723762.745,4287047.678,688.565,Per,25542,8,3
5024,2,2006460003707,3,4,8,1,6,2,1,CV-35,21.1,21,1,1,1,2,3,2,3,4,2,2,2,2,2,2,7,7,8,1,5,1,9,14,1,1,1,NaN,2,NaN,NaN,,NaN,,NaN,,NaN,62,60,NaN,1,4,2,1,1,1,1,1,1,1,1,1,1,1,1,1,1,1,1,2,1,1,663961.961,4413400.979,771.872,Per,43300,2,2
4151,2,2006120001016,2,7,9,4,7,3,1,CV-20,33.1,33,1,0,1,5,3,2,3,2,2,1,2,2,1,2,7,7,5,1,1,1,2,14,1,1,1,NaN,2,NaN,NaN,,NaN,,NaN,,NaN,64,60,NaN,1,4,2,1,1,1,1,2,1,1,1,1,1,1,1,1,1,1,1,2,1,1,722089.569,4436779.35,327.708,Cob,615,12,5
11547,4,2008030001585,1,6,25,6,3,1,4,CV-865,4.5,4,5,1,1,5,3,2,3,3,2,1,1,1,1,1,7,7,8,1,1,1,9,14,1,1,3,NaN,2,1,NaN,,NaN,,NaN,,NaN,NaN,NaN,NaN,2,4,2,1,1,1,1,1,2,1,1,1,1,1,1,1,1,1,1,2,1,1,709682.649,4233540.325,-15.235,Cob,14206,19,1
13275,4,2008460002442,3,3,29,2,6,2,1,CV-410,4,4,0,0,1,5,2,2,2,3,2,1,2,1,1,1,5,1,5,1,3,1,2,14,1,1,1,NaN,1,NaN,NaN,,NaN,,NaN,,NaN,61,60,NaN,1,4,2,1,2,1,1,1,1,1,1,1,1,1,1,1,1,1,1,2,2,1,717332.473,4372266.354,36.033,Pri,30175,5,6
11657,4,2008030001805,1,7,19,4,6,2,2,CV-805,5,5,0,0,1,5,3,2,3,4,2,1,1,2,1,1,2,5,3,1,1,1,9,14,1,1,3,NaN,2,2,NaN,,NaN,,NaN,,NaN,NaN,NaN,NaN,1,4,1,1,1,1,1,1,2,1,1,1,1,1,1,1,1,1,1,2,1,1,708610.265,4273654.689,590.606,Cob,1766,13,6
5654,2,2006460007282,3,8,4,6,5,1,1,CV-60,37,37,0,0,1,5,3,2,3,2,2,1,1,1,1,1,5,1,4,1,2,1,9,14,1,1,1,NaN,2,NaN,NaN,,NaN,,NaN,,NaN,63,60,NaN,1,4,1,1,1,1,1,1,1,1,1,1,1,2,1,1,1,1,1,2,1,1,743043.225,4312401.754,37.912,NaN,0,20,6
9407,3,2007460002760,3,3,29,3,4,1,3,CV-590,61.2,61,2,0,1,5,2,3,3,1,2,1,1,1,1,1,1,1,8,3,1,5,4,14,1,1,1,NaN,2,5,NaN,,NaN,,NaN,,NaN,NaN,NaN,NaN,1,4,1,1,1,1,1,1,2,1,1,1,1,1,1,1,1,1,1,2,1,1,710271.72,4320996.214,103.41,Sec,7323,10,6
14763,5,2009030000399,1,2,21,5,6,2,1,CV-95,10.8,10,8,0,1,5,3,2,3,3,2,1,1,1,1,1,7,7,8,1,1,1,9,14,3,1,1,NaN,2,NaN,NaN,,NaN,,NaN,,NaN,63,60,NaN,1,4,2,1,1,1,1,1,1,1,1,1,1,1,1,1,1,1,1,2,1,1,688725.2,4212050.427,70.946,Cob,9867,15,1
17903,5,2009460007794,3,12,19,3,6,2,1,CV-41,14,14,0,0,1,5,3,2,3,3,2,1,2,2,1,1,7,7,8,3,1,9,2,14,1,1,1,NaN,1,NaN,NaN,,NaN,,NaN,,NaN,63,60,NaN,1,4,1,1,1,1,1,1,1,1,1,1,1,1,1,1,1,2,1,2,1,1,716586.525,4324826.003,37.905,Cob,8589,8,2
12703,4,2008120001630,2,9,4,6,4,1,1,CV-230,12.9,12,9,0,1,5,2,2,3,1,2,1,1,2,1,1,7,7,8,1,1,1,2,4,1,1,2,3,2,NaN,NaN,,NaN,,NaN,,NaN,61,60,NaN,1,4,1,1,1,1,1,2,1,1,1,1,1,1,1,1,1,1,1,2,1,1,731567.365,4412081.884,292.149,Sec,2257,19,4
11056,4,2008030000339,1,2,8,6,5,1,1,CV-81,35,35,0,0,1,5,2,2,3,3,2,1,1,1,1,1,7,7,6,1,3,1,9,14,1,2,1,NaN,2,NaN,NaN,,21,21,NaN,,NaN,NaN,NaN,NaN,1,4,2,1,1,1,1,1,1,1,1,1,1,1,1,1,1,1,1,2,1,1,690500.43,4283347.85,523.193,Cob,6539,20,1
18480,6,2010030002214,1,6,10,6,4,1,2,CV-904,2.4,2,4,1,1,5,2,3,3,3,2,1,1,2,1,1,3,6,3,1,1,1,9,14,1,1,3,NaN,2,NaN,NaN,,NaN,,NaN,,NaN,NaN,NaN,71,1,4,2,1,1,1,1,1,2,1,1,1,1,1,1,1,1,1,1,2,1,1,691850.384,4229369.777,-16.7,Cob,4507,20,6
7973,3,2007030003271,1,10,23,3,2,1,2,CV-865,2.1,2,1,0,1,5,3,2,3,4,2,1,1,1,1,1,5,5,8,1,4,1,9,14,3,1,1,NaN,2,3,NaN,,NaN,,NaN,,NaN,NaN,NaN,NaN,1,4,1,1,1,1,1,1,2,1,1,1,1,1,1,1,1,1,1,2,1,1,704919.808,4236671.646,36.043,Cob,15503,7,6
3469,2,2006030003401,1,10,27,6,5,1,2,CV-86,0,0,0,0,1,5,3,2,3,3,2,1,1,1,2,2,5,1,8,1,1,1,9,14,1,1,1,NaN,2,3,NaN,,NaN,,NaN,,NaN,NaN,NaN,NaN,1,4,1,1,1,1,1,1,2,1,1,1,1,1,1,1,1,1,1,2,2,1,711899.257,4241937.976,48.19,Cob,0,17,6
7720,3,2007030002566,1,8,22,4,3,1,2,CV-720,34.7,34,7,1,1,4,2,3,3,3,2,1,1,2,1,1,7,7,8,1,1,1,9,14,3,1,1,NaN,1,4,NaN,,NaN,,NaN,,NaN,NaN,NaN,NaN,1,4,2,1,1,1,1,1,1,1,1,1,1,1,1,1,1,1,1,2,1,1,740395.249,4290937.393,632.588,Cob,517,13,1
7265,3,2007030001587,1,6,2,1,6,2,1,CV-900,1.4,1,4,0,1,5,3,2,3,3,2,1,2,2,2,2,7,7,8,1,3,1,9,3,1,2,1,NaN,2,NaN,NaN,,NaN,,NaN,,NaN,52,50,NaN,1,4,1,1,1,1,1,2,1,1,1,1,1,1,1,1,1,1,1,2,1,1,682290.022,4219504.087,-1.429,Cob,10636,1,2
12962,4,2008460000506,3,1,20,4,7,3,1,CV-42,12.3,12,3,1,1,5,2,2,3,3,2,1,1,1,1,1,7,7,8,1,1,1,9,14,3,1,1,NaN,1,NaN,NaN,,NaN,,NaN,,56,NaN,50,NaN,1,4,2,1,1,1,1,1,1,1,1,1,1,1,1,1,1,1,1,2,1,1,721929.129,4343527.26,-8.633,Cob,8736,12,2
332,1,2005030000947,1,9,4,2,7,3,1,CV-775,0.8,0,8,1,1,5,1,3,3,1,2,1,1,1,1,1,7,7,8,1,5,1,9,14,3,1,1,NaN,2,NaN,NaN,,NaN,,NaN,,NaN,51,50,NaN,1,4,1,1,1,1,1,1,2,1,1,1,1,1,1,1,1,2,1,2,2,2,738047.226,4274204.906,286.377,Cob,1894,6,1
555,1,2005030001514,1,11,1,1,2,3,1,CV-775,1.8,1,8,1,1,3,2,3,3,2,2,1,1,2,2,1,7,7,5,1,5,1,9,14,1,1,1,NaN,2,NaN,NaN,,NaN,,NaN,,NaN,63,60,NaN,1,4,2,1,1,1,1,1,1,1,1,1,1,1,1,1,1,1,1,2,2,2,737539.22,4273656.273,322.271,Cob,1894,2,2
3357,2,2006030003107,1,9,30,3,6,2,2,CV-83,15,15,0,1,1,5,2,2,3,4,2,1,1,1,1,1,1,1,8,1,1,1,9,14,2,1,3,NaN,2,1,NaN,,NaN,,NaN,,NaN,NaN,NaN,NaN,1,4,2,1,1,1,1,1,2,1,1,1,1,1,1,1,1,1,1,2,1,1,680114.265,4255263.431,484.524,Cob,6039,9,6
19128,6,2010460000099,3,1,5,4,2,2,1,CV-50,10.5,10,5,0,1,5,2,2,3,3,2,1,2,1,2,2,7,7,8,3,1,1,9,14,1,1,3,NaN,2,NaN,NaN,,NaN,,NaN,,NaN,53,50,NaN,1,4,1,1,1,1,1,2,1,1,1,1,1,1,1,1,1,1,1,2,1,1,729655.561,4330041.351,73.199,Cob,10185,11,2
789,1,2005120000029,2,6,9,2,4,1,1,CV-10,24.8,24,8,0,1,2,3,2,3,4,2,2,2,1,2,2,7,7,8,1,5,1,9,14,3,1,3,NaN,1,NaN,NaN,,NaN,,NaN,,NaN,64,60,NaN,1,4,1,1,1,1,1,2,1,1,1,1,1,1,1,1,1,2,1,2,1,1,748731.068,4435293.969,120.979,Sec,15449,5,2
12088,4,2008030003017,1,11,17,3,1,4,1,CV-91,6.9,6,9,1,1,5,3,2,3,3,2,2,1,1,1,1,1,3,2,1,1,1,9,14,1,2,1,NaN,2,NaN,NaN,,21,21,NaN,,NaN,NaN,NaN,NaN,1,4,1,1,1,1,1,1,1,1,1,1,1,1,1,1,1,1,2,2,1,1,698691.462,4219253.95,-26.663,Sec,13575,8,7
3581,2,2006030003597,1,11,20,3,1,4,2,CV-820,15.6,15,6,0,1,5,3,2,3,3,2,1,1,2,1,2,7,7,8,1,4,1,9,14,2,1,1,NaN,2,1,NaN,,NaN,,NaN,,NaN,NaN,NaN,NaN,1,4,2,1,1,1,1,1,2,1,1,1,1,1,1,1,1,1,1,2,1,2,700143.543,4254275.315,277.493,Pri,3146,7,4
4439,2,2006120001876,2,12,9,1,6,2,1,CV-190,8.5,8,5,1,1,5,2,2,3,1,2,1,2,2,1,1,7,7,8,1,5,1,2,14,1,1,1,NaN,2,NaN,NaN,,NaN,,NaN,,NaN,51,50,NaN,1,4,1,1,1,1,1,2,1,1,1,1,1,1,1,1,1,1,1,2,1,2,710038.867,4451521.607,1075.538,Cob,2380,23,5
5698,2,2006460007580,3,8,19,6,6,2,1,CV-550,2.5,2,5,1,2,5,2,2,3,1,2,1,1,1,1,1,7,7,6,1,1,1,9,14,1,2,1,NaN,2,NaN,NaN,,21,21,NaN,,NaN,NaN,NaN,NaN,1,4,1,1,1,1,1,1,1,1,1,1,1,1,1,1,1,2,1,2,1,1,718918.721,4335741.312,-9.296,Cob,12529,19,1
9837,3,2007460004246,3,6,4,3,1,1,2,CV-365,2,2,0,0,1,2,3,2,3,4,2,2,2,1,2,1,7,7,8,1,1,1,9,14,3,1,1,NaN,1,3,NaN,,NaN,,NaN,,NaN,NaN,NaN,NaN,1,4,2,1,1,1,1,1,1,1,1,1,1,1,1,1,1,1,1,2,1,1,719949.158,4376743.767,65.467,Sec,40056,9,1
5929,2,2006460008460,3,10,2,6,1,4,1,CV-660,22.3,22,3,1,1,5,2,3,3,1,2,1,1,1,1,1,7,7,8,1,1,1,9,14,3,1,3,NaN,2,NaN,NaN,,NaN,,NaN,,56,NaN,50,NaN,1,4,1,1,1,1,1,2,1,1,1,1,1,1,1,1,1,1,1,2,1,1,689581.372,4294512.815,593.236,Cob,1150,18,2
10005,3,2007460004896,3,7,10,3,2,1,2,CV-40,0.3,0,3,0,1,2,3,2,3,4,2,2,2,2,2,2,7,7,8,1,1,1,9,14,1,1,1,NaN,2,4,NaN,,NaN,,NaN,,NaN,NaN,NaN,NaN,2,4,2,1,2,1,1,1,1,1,1,1,1,1,1,1,1,1,1,2,1,2,709485.558,4319090.869,156.786,Cob,24000,9,2
17395,5,2009460004836,3,8,18,3,2,1,1,CV-500,9.5,9,5,0,1,5,2,2,3,3,2,1,1,2,2,2,7,7,8,1,2,1,9,14,3,1,1,NaN,1,NaN,NaN,,NaN,,NaN,,NaN,51,50,NaN,1,4,1,1,1,2,1,1,1,1,1,1,1,1,1,1,1,1,1,2,1,1,730291.729,4360871.168,-16.476,Cob,13007,7,1
14054,4,2008460006089,3,9,3,4,3,1,2,CV-500,20,20,0,1,1,5,3,2,3,3,2,1,1,2,2,2,5,1,4,1,1,1,9,14,1,1,3,NaN,2,NaN,NaN,,NaN,,NaN,,NaN,NaN,NaN,71,1,4,1,1,1,1,1,1,1,2,1,1,1,1,1,1,1,1,1,2,1,1,730667.698,4359478.391,-23.711,Cob,8018,11,6
6855,3,2007030000813,1,3,18,6,7,3,1,CV-81,41.8,41,8,1,1,5,3,2,3,3,2,2,1,1,1,1,7,7,5,1,3,1,9,14,2,1,3,NaN,2,NaN,NaN,,NaN,,NaN,,NaN,61,60,NaN,1,4,2,1,2,1,1,1,2,1,1,1,1,1,1,1,1,1,1,2,1,1,707397.42,4293119.185,585.799,Cob,5714,20,2
4247,2,2006120001338,2,8,30,6,3,1,1,CV-21,10,10,0,0,1,5,3,2,3,3,2,1,1,1,2,2,7,7,8,1,1,1,9,14,3,1,3,NaN,2,NaN,NaN,,NaN,,NaN,,66,NaN,60,NaN,1,4,2,1,1,1,1,1,1,1,1,1,1,1,1,1,1,1,1,2,1,1,737956.486,4430876.696,144.374,Cob,5080,19,1
11846,4,2008030002316,1,8,25,1,1,1,2,CV-865,1.2,1,2,1,1,5,3,2,3,4,2,1,2,1,2,2,7,7,8,1,4,1,9,14,3,1,1,NaN,1,1,NaN,,NaN,,NaN,,NaN,NaN,NaN,NaN,1,4,2,1,1,1,1,1,1,1,1,1,1,1,1,1,1,1,1,2,1,1,712173.743,4231466.018,-15.544,Cob,14206,0,1
16873,5,2009460002486,3,4,19,6,7,3,1,CV-35,9,9,0,1,1,2,1,1,4,4,2,1,2,1,1,1,7,7,8,1,1,1,2,14,3,1,3,NaN,2,NaN,NaN,,NaN,,NaN,,56,NaN,50,NaN,1,4,1,1,1,1,1,2,1,1,1,1,1,1,1,1,1,1,1,2,1,1,658497.987,4421757.959,958.721,Per,62420,19,2
15920,5,2009120000378,2,2,28,6,6,2,2,CV-162,2,2,0,0,1,5,3,2,3,3,2,1,2,1,1,1,7,7,8,3,2,4,9,14,3,1,3,NaN,2,2,NaN,,NaN,,NaN,,NaN,NaN,NaN,NaN,1,4,1,1,1,1,1,2,1,1,1,1,1,1,1,1,1,1,1,2,1,1,750635.747,4447046.211,214.447,Cob,1331,18,2
12928,4,2008460000238,3,1,7,4,1,4,3,CV-500,16.5,16,5,0,1,5,3,2,3,1,2,1,1,1,1,1,7,7,2,1,1,1,9,14,1,1,1,NaN,2,4,NaN,,NaN,,NaN,,NaN,NaN,NaN,NaN,1,4,2,1,1,1,1,1,1,1,1,1,1,1,1,1,1,1,1,2,1,1,733807.077,4353646.794,-16.608,Sec,11773,12,1
4036,2,2006120000728,2,5,12,1,5,1,1,CV-222,8.1,8,1,1,1,5,3,2,3,2,2,1,1,1,1,1,5,1,4,3,4,4,9,14,1,1,1,NaN,2,NaN,NaN,,NaN,,NaN,,NaN,63,60,NaN,1,4,1,1,1,1,1,2,1,1,1,1,1,1,1,1,1,1,1,2,1,1,741187.046,4422992.869,60.809,Cob,11483,2,6
14840,5,2009030000550,1,3,11,3,3,1,1,CV-84,1.9,1,9,1,1,5,3,2,3,3,2,2,2,1,2,1,4,1,8,1,1,1,9,14,1,1,3,NaN,2,NaN,NaN,,NaN,,NaN,,NaN,52,50,NaN,1,4,1,1,1,1,1,2,2,1,1,1,1,1,1,1,1,1,1,2,1,1,695199.18,4244688.895,269.731,Sec,16947,7,6
12439,4,2008120000437,2,3,21,4,5,3,1,CV-222,3,3,0,0,1,5,3,2,3,4,2,1,1,2,1,1,7,7,5,1,1,1,9,14,2,1,3,NaN,1,NaN,NaN,,NaN,,NaN,,NaN,63,60,NaN,1,4,1,1,1,2,1,1,1,1,1,1,1,1,1,1,1,1,1,2,1,1,742429.361,4422551.469,50.073,Cob,7191,14,2
10809,3,2007460008603,3,12,12,2,3,1,2,CV-407,3.2,3,2,1,1,5,3,2,3,3,2,2,2,1,2,2,7,7,5,1,3,1,9,14,3,1,3,NaN,2,2,NaN,,NaN,,NaN,,NaN,NaN,NaN,NaN,2,4,1,1,1,1,1,1,2,1,1,1,1,1,1,1,1,1,1,2,1,1,722153.951,4368482.142,6.03,Sec,11043,6,1
8702,3,2007120001614,2,10,2,3,2,1,2,CV-10,77.2,77,2,0,1,5,3,2,3,4,2,1,1,1,2,2,7,7,8,1,1,1,9,14,3,1,3,NaN,2,2,NaN,,NaN,,NaN,,NaN,NaN,NaN,NaN,1,4,1,1,1,1,1,1,2,1,1,1,1,1,1,1,1,1,1,2,1,1,769656.133,4480070.98,310.712,Pri,3159,9,1
17613,5,2009460006131,3,10,28,6,3,1,1,CV-50,79.5,79,5,0,1,2,2,2,3,4,2,1,1,2,2,2,7,7,8,1,5,1,9,14,3,1,1,NaN,1,NaN,NaN,,21,24,NaN,,NaN,NaN,NaN,NaN,1,4,1,1,1,1,1,1,1,1,1,1,1,1,1,2,1,1,1,2,1,1,701101.341,4377166.263,184.524,Cob,5309,20,1
12818,4,2008120002228,2,11,8,1,6,2,1,CV-15,71.9,71,9,0,1,5,2,3,3,3,2,1,1,2,1,1,7,7,8,3,5,4,2,13,1,1,1,NaN,2,NaN,NaN,,NaN,,NaN,,NaN,61,60,NaN,1,4,1,1,1,1,1,2,1,1,1,1,1,1,1,1,1,1,1,2,1,2,729109.075,4482760.194,1170.033,Cob,1083,1,4
17987,6,2010030000158,1,1,18,6,1,4,1,CV-830,11,11,0,0,1,5,2,2,2,1,2,1,1,1,1,1,7,7,8,1,5,1,9,14,3,1,3,NaN,1,NaN,NaN,,21,20,NaN,,NaN,NaN,NaN,NaN,1,4,2,1,1,1,1,2,2,1,1,1,1,2,1,1,1,1,1,2,1,1,683278.635,4265773.518,456.524,Pri,2655,20,1
17640,5,2009460006349,3,11,3,3,2,1,2,CV-35,9.6,9,6,0,1,2,3,2,3,4,2,2,2,1,2,2,7,7,8,1,1,1,9,14,3,1,1,NaN,1,4,NaN,,NaN,,NaN,,NaN,NaN,NaN,NaN,3,4,2,1,1,1,1,1,1,1,1,1,1,1,1,1,1,1,1,2,1,1,716811.991,4381211.407,89.666,Per,62420,9,1
8244,3,2007120000013,2,1,4,4,4,1,2,CV-10,63.6,63,6,1,1,5,3,2,3,4,2,1,1,1,1,1,1,4,8,1,1,1,9,14,3,1,1,NaN,1,2,NaN,,NaN,,NaN,,NaN,NaN,NaN,NaN,1,4,1,1,1,1,1,1,2,1,1,1,1,1,1,1,1,1,1,2,1,2,750694.19,4436529.177,148.538,Cob,5054,12,7
10863,3,2007460008931,3,12,21,6,5,1,1,CV-41,15.8,15,8,1,1,5,3,2,3,3,2,1,1,1,2,1,1,1,3,3,5,4,9,14,1,1,1,NaN,2,NaN,NaN,,NaN,,NaN,,66,NaN,60,NaN,1,4,2,1,1,1,1,1,1,1,1,1,1,1,1,1,1,1,1,2,1,1,719310.415,4332471.623,-0.182,Cob,9333,21,6
8354,3,2007120000345,2,2,27,3,2,1,1,CV-16,6,6,0,1,1,5,3,2,3,3,2,2,1,1,1,1,5,6,4,1,1,1,9,14,1,1,3,NaN,2,NaN,NaN,,NaN,,12,9,NaN,NaN,NaN,NaN,1,4,1,1,1,1,1,2,1,1,1,1,1,1,1,1,1,1,1,2,1,1,743264.728,4435395.863,145.452,Sec,23726,10,6
836,1,2005120000118,2,7,5,2,2,1,2,CV-141,3.9,3,9,0,1,5,2,2,3,3,2,1,1,1,2,1,7,7,8,1,4,1,9,14,3,1,3,NaN,1,4,NaN,,NaN,,NaN,,NaN,NaN,NaN,NaN,1,4,1,1,1,1,1,1,2,1,1,1,1,1,1,1,1,1,1,2,1,1,787936.876,4474966.912,-2.576,Cob,7740,5,1
17976,6,2010030000113,1,1,14,1,4,1,1,CV-865,6.5,6,5,1,1,5,3,2,3,5,2,1,1,2,2,2,7,7,8,3,5,1,9,14,3,1,3,NaN,2,NaN,NaN,,NaN,,NaN,,NaN,52,50,NaN,1,4,2,1,1,1,1,1,1,1,1,1,1,1,1,1,1,1,1,2,1,1,708057.951,4234658.53,2.113,Cob,15886,3,1
19044,6,2010120001249,2,7,25,4,7,3,1,CV-20,42,42,0,0,1,5,1,3,3,1,2,1,2,2,1,1,7,7,8,1,1,1,9,14,1,1,1,NaN,1,NaN,NaN,,NaN,,NaN,,NaN,62,60,NaN,1,4,2,1,1,1,1,2,1,1,1,1,1,1,1,1,1,1,1,2,1,1,716683.297,4437450.569,363.435,Cob,252,11,5
12547,4,2008120000979,2,5,28,5,3,1,2,CV-11,1.5,1,5,1,1,5,2,3,3,3,2,1,1,2,1,2,7,7,8,1,1,1,2,14,1,1,3,NaN,2,1,NaN,,NaN,,NaN,,NaN,NaN,NaN,NaN,1,4,2,1,1,1,1,1,1,1,1,1,1,1,1,1,1,1,1,2,1,1,790095.378,4494745.774,99.802,Cob,2330,16,2
8462,3,2007120000725,2,5,12,4,6,2,1,CV-235,8.9,8,9,0,1,5,3,2,3,2,2,1,1,2,1,1,7,7,8,1,1,1,9,14,3,1,1,NaN,1,NaN,NaN,,NaN,,NaN,,NaN,64,60,NaN,1,4,1,2,1,1,1,2,1,1,1,1,1,1,1,1,1,1,1,2,1,1,699289.399,4419004.276,619.68,Cob,1023,13,2
14270,4,2008460007080,3,10,24,6,5,1,2,CV-50,75.2,75,2,0,1,2,3,2,3,4,2,1,2,1,1,1,7,7,8,1,5,1,9,14,2,1,1,NaN,2,NaN,NaN,,NaN,,NaN,,NaN,NaN,NaN,71,2,4,1,1,1,1,1,1,2,1,1,1,1,1,1,1,1,1,1,2,1,2,698664.311,4374206.525,209.68,Cob,4246,20,1
18902,6,2010120000668,2,4,8,6,4,1,3,CV-20,5.5,5,5,1,1,5,3,2,3,3,2,2,2,1,1,1,3,2,4,1,3,1,9,14,1,1,1,NaN,1,5,NaN,,NaN,,NaN,,NaN,NaN,NaN,NaN,1,4,2,1,2,1,1,1,2,1,1,1,1,1,1,1,1,1,1,2,1,1,706537.136,4441857.208,645.308,Pri,16247,22,6
8464,3,2007120000727,2,5,13,3,7,3,1,CV-20,47.5,47,5,0,1,5,3,2,3,1,2,1,2,2,1,1,7,7,8,1,1,1,9,14,2,1,3,NaN,1,NaN,NaN,,NaN,,NaN,,NaN,64,60,NaN,1,4,2,1,1,1,1,1,1,1,1,1,1,1,1,1,1,1,1,2,1,1,713396.476,4438468.562,442.164,Cob,647,10,4
3514,2,2006030003517,1,11,11,6,6,2,2,CV-930,0.7,0,7,0,1,5,3,2,3,3,2,1,2,2,2,2,3,1,8,1,3,1,9,14,3,1,1,NaN,2,3,NaN,,NaN,,NaN,,NaN,NaN,NaN,NaN,1,4,1,1,1,1,1,1,2,1,1,1,1,1,1,1,1,1,1,2,1,1,681551.192,4219274.974,4.272,Cob,19233,20,6
4167,2,2006120001083,2,7,17,5,1,4,1,CV-190,1.9,1,9,0,1,5,3,2,3,3,2,1,2,1,1,1,7,7,8,1,1,1,9,14,3,1,1,NaN,1,NaN,NaN,,NaN,,NaN,,NaN,64,60,NaN,1,4,2,2,1,1,1,1,1,1,1,1,1,1,1,1,1,1,1,2,2,1,738149.917,4439653.626,230.033,Cob,5270,15,2
12096,4,2008030003029,1,11,18,5,2,1,2,CV-904,6.3,6,3,1,1,5,3,2,3,3,2,1,1,1,1,1,7,7,8,1,1,1,9,14,3,1,1,NaN,2,1,NaN,,NaN,,NaN,,NaN,NaN,NaN,NaN,1,4,2,1,1,1,1,1,1,1,1,1,1,1,1,1,1,1,1,2,1,1,690866.424,4233034.021,42.215,Cob,4764,16,1
8305,3,2007120000191,2,2,4,1,7,3,1,CV-10,56.3,56,3,1,1,5,3,2,3,3,2,1,1,2,2,2,7,7,8,3,4,2,4,14,3,1,1,NaN,2,NaN,NaN,,NaN,,NaN,,NaN,51,50,NaN,1,4,1,1,1,1,1,2,1,1,1,1,1,1,1,1,1,1,1,2,1,1,755035.903,4442106.67,286.77,Cob,5530,0,4
3550,2,2006030003561,1,11,12,6,7,3,1,CV-773,1.4,1,4,0,1,5,2,2,3,2,2,1,1,1,1,1,7,7,5,7,4,1,9,14,2,1,3,NaN,2,NaN,NaN,,NaN,,NaN,,66,NaN,60,NaN,1,4,2,1,1,1,1,1,1,2,1,1,1,1,1,1,1,1,1,2,1,1,722922.184,4257774.496,79.51,Cob,3713,19,1
14872,5,2009030000651,1,3,22,6,7,3,2,CV-95,24.6,24,6,0,1,5,3,2,3,3,2,1,1,2,1,1,7,7,5,1,5,1,9,14,1,1,1,NaN,2,1,NaN,,NaN,,NaN,,NaN,NaN,NaN,NaN,1,4,2,1,1,1,1,1,2,1,1,1,1,1,1,1,1,1,1,2,1,1,699134.657,4204673.614,0.688,Cob,21913,21,4
3390,2,2006030003189,1,10,4,6,3,1,2,CV-820,1.8,1,8,1,1,5,3,2,3,3,2,1,1,1,1,1,1,1,8,1,5,1,9,14,3,1,1,NaN,2,1,NaN,,NaN,,NaN,,NaN,NaN,NaN,NaN,1,4,1,1,1,1,1,1,2,1,1,1,1,1,1,1,1,1,1,2,1,2,697480.128,4252400.087,220.666,Cob,7354,21,6
18334,6,2010030001593,1,4,28,4,3,1,3,CV-95,25.5,25,5,0,1,5,3,2,3,3,2,1,1,1,1,1,7,7,8,1,1,1,9,14,1,1,1,NaN,2,4,NaN,,NaN,,NaN,,NaN,NaN,NaN,NaN,2,4,2,1,1,1,1,1,2,1,1,1,1,1,1,1,1,1,1,2,1,1,699883.134,4204452.203,0.71,Cob,19850,13,1
12094,4,2008030003028,1,11,18,5,2,1,4,CV-91,1.3,1,3,0,1,5,3,2,3,3,2,1,2,1,1,2,2,1,3,1,1,1,9,14,1,1,3,NaN,2,1,NaN,,NaN,,NaN,,NaN,NaN,NaN,NaN,1,4,2,1,1,1,1,1,2,1,1,1,1,1,1,1,1,1,1,2,1,1,682235.822,4217911.07,-8.224,Cob,8450,15,6
11915,4,2008030002551,1,9,26,4,5,1,2,CV-912,0.5,0,5,1,2,5,2,2,3,1,2,1,1,1,1,1,1,1,8,1,1,1,9,14,2,2,1,NaN,2,2,NaN,,NaN,,NaN,,NaN,NaN,NaN,NaN,1,4,1,1,1,1,1,1,2,1,1,1,1,1,1,1,1,1,1,2,1,1,693834.176,4221602.146,-19.401,Cob,2863,13,7
17406,5,2009460004874,3,8,22,4,6,2,1,CV-35,12.3,12,3,0,1,2,1,1,3,4,2,2,2,1,2,2,4,1,8,1,1,1,9,14,1,1,1,NaN,2,NaN,NaN,,NaN,,NaN,,NaN,54,50,NaN,1,4,2,1,1,1,1,1,1,1,1,1,1,1,1,1,1,1,1,2,1,1,714643.635,4382720.731,97.107,Per,93959,14,6
9557,3,2007460003280,3,4,24,4,2,1,2,CV-60,24.3,24,3,1,1,5,3,2,3,4,2,1,1,2,2,1,7,7,8,1,1,1,9,8,1,1,1,NaN,2,4,NaN,,NaN,,NaN,,NaN,NaN,NaN,NaN,2,4,2,1,1,1,1,1,1,1,1,1,1,1,1,1,1,1,1,2,1,1,723841.567,4307286.554,195.24,Cob,15500,11,1
14320,4,2008460007278,3,11,1,1,6,3,1,CV-50,30.8,30,8,1,1,5,3,2,3,3,2,1,1,1,2,2,7,7,8,1,5,1,9,14,1,1,3,NaN,2,NaN,NaN,,21,21,NaN,,NaN,NaN,NaN,NaN,1,4,1,1,1,1,1,1,2,1,1,1,1,1,1,1,1,1,1,2,1,2,698190.26,4362950.204,235.651,Cob,14945,0,1
15511,5,2009030002462,1,9,27,5,7,3,1,CV-825,1.8,1,8,0,1,5,2,3,3,3,2,1,1,2,2,2,7,7,8,3,1,9,9,14,1,1,1,NaN,2,NaN,NaN,,NaN,,NaN,,NaN,61,60,NaN,1,4,1,1,1,1,1,2,1,1,1,1,1,1,1,1,1,1,1,2,1,1,696118.093,4248215.516,188.938,Sec,3775,16,4
5284,2,2006460005181,3,5,29,6,1,1,1,CV-50,7,7,0,1,1,5,2,3,3,2,2,1,1,1,1,1,7,7,8,3,1,4,4,14,1,1,2,3,2,NaN,NaN,,NaN,,NaN,,66,NaN,60,NaN,1,4,1,1,1,1,1,2,2,2,1,1,1,1,1,1,1,1,1,2,1,1,704088.324,4382896.846,93.011,Cob,12744,21,5
12520,4,2008120000878,2,5,12,4,1,1,1,CV-18,5.5,5,5,1,1,5,3,2,3,4,2,1,1,1,1,1,7,7,8,1,1,1,9,14,3,1,1,NaN,2,NaN,NaN,,NaN,,NaN,,NaN,53,50,NaN,1,4,2,1,1,2,1,1,1,1,1,1,1,1,1,1,1,1,1,2,2,1,748121.513,4419764.635,0.618,Cob,16390,14,1
18231,6,2010030001261,1,3,27,5,6,2,2,CV-860,3.1,3,1,0,1,5,3,2,3,1,2,1,1,1,1,1,2,1,3,1,1,1,9,14,2,1,1,NaN,1,4,NaN,,NaN,,NaN,,NaN,NaN,NaN,NaN,3,4,1,1,1,1,1,1,2,1,1,1,1,1,1,1,1,1,1,2,1,1,701446.223,4223308.079,-15.705,Cob,3872,16,6
10095,3,2007460005217,3,7,30,6,1,1,2,CV-40,21.8,21,8,0,1,2,3,2,3,4,2,2,2,1,2,2,7,7,8,1,1,1,9,14,1,1,3,NaN,2,4,NaN,,NaN,,NaN,,NaN,NaN,NaN,NaN,1,4,1,1,1,1,1,1,2,1,1,1,1,1,1,1,1,1,1,2,1,1,712502.802,4301114.172,305.456,Cob,19200,18,1
10111,3,2007460005270,3,7,20,3,5,1,3,CV-35,20,20,0,0,1,2,2,3,3,4,2,2,1,1,1,1,7,7,5,1,1,1,9,14,1,1,1,NaN,3,4,NaN,,NaN,,NaN,,NaN,NaN,NaN,NaN,2,4,1,1,1,1,1,2,2,1,1,2,1,1,1,1,1,1,1,2,1,1,709661.741,4388163.343,125.543,Per,43000,7,1
16169,5,2009120001366,2,8,4,3,2,1,1,CV-11,11.6,11,6,0,1,5,2,3,3,3,2,1,1,1,2,2,7,7,8,1,1,1,9,14,3,1,3,NaN,2,NaN,NaN,,NaN,,NaN,,56,NaN,50,NaN,1,4,2,1,1,2,1,1,1,1,1,1,1,1,1,1,1,1,1,2,1,1,784006.706,4499988.427,219.223,Sec,3460,8,2
11731,4,2008030001968,1,8,5,6,2,1,2,CV-865,11,11,0,0,1,5,3,2,3,3,2,1,1,1,1,1,5,1,8,1,1,1,9,14,1,1,3,NaN,2,3,NaN,,NaN,,NaN,,NaN,NaN,NaN,NaN,1,4,1,1,1,1,1,1,2,1,1,1,1,1,1,1,1,1,1,2,1,1,712018.609,4231557.049,-13.634,Sec,17817,17,6
12732,4,2008120001694,2,9,17,4,3,1,4,CV-18,3.9,3,9,0,1,5,3,2,3,3,2,1,2,1,1,1,7,7,8,1,1,1,9,14,1,1,1,NaN,2,4,NaN,,NaN,,NaN,,NaN,NaN,NaN,NaN,1,4,1,1,1,1,1,1,2,1,1,1,1,1,1,1,1,1,1,2,1,1,751578.696,4424766.46,13.297,Cob,16390,14,1
1153,1,2005120001159,2,12,28,4,3,1,1,CV-10,63.6,63,6,0,1,5,3,2,3,3,2,1,1,2,2,2,7,7,8,1,1,1,9,14,2,1,1,NaN,2,NaN,NaN,,NaN,,NaN,,NaN,63,60,NaN,1,4,1,1,1,1,1,2,1,1,1,1,1,1,1,1,1,1,1,2,1,1,765453.455,4467851.288,167.386,Cob,3547,14,2
11817,4,2008030002146,1,8,14,6,4,1,1,CV-81,36.8,36,8,0,1,5,3,2,3,4,2,1,1,1,1,1,7,7,8,1,5,1,9,14,3,1,1,NaN,2,NaN,NaN,,21,24,NaN,,NaN,NaN,NaN,NaN,1,4,1,1,1,1,1,1,1,1,1,1,1,1,1,2,1,1,1,2,1,1,688962.885,4282336.369,520.141,Cob,6539,22,1
17972,6,2010030000103,1,1,12,6,2,1,2,CV-755,0,0,0,1,1,5,2,2,3,4,2,1,1,1,1,1,3,4,3,1,3,4,9,14,1,1,3,NaN,2,2,NaN,,NaN,,NaN,,NaN,NaN,NaN,NaN,1,4,1,1,1,1,1,1,2,1,1,1,1,1,1,1,1,1,1,2,1,1,758367.212,4279392.792,8.446,Cob,913,18,6
11234,4,2008030000792,1,4,3,6,4,1,1,CV-821,6.7,6,7,1,1,5,2,2,3,2,2,2,1,2,1,1,7,7,8,1,3,1,9,14,2,2,1,NaN,2,NaN,NaN,,NaN,,NaN,,NaN,63,60,NaN,1,4,2,1,1,1,1,1,1,1,1,1,1,1,1,1,1,1,1,2,1,1,718809.607,4252478.451,66.133,Cob,10986,21,1
16297,5,2009120001993,2,10,9,6,5,3,1,CV-165,2.5,2,5,1,1,5,1,3,3,1,2,1,2,2,1,1,7,7,8,1,1,1,9,14,1,1,1,NaN,2,NaN,NaN,,NaN,,NaN,,NaN,53,50,NaN,1,4,2,1,1,1,1,1,1,1,1,1,1,1,1,1,1,1,1,2,1,1,740649.273,4453468.134,466.666,Cob,1126,18,5
1042,1,2005120000806,2,10,26,6,3,1,1,CV-160,15.3,15,3,0,1,5,3,2,3,2,1,1,1,1,1,1,7,7,8,7,5,1,9,8,1,1,1,NaN,2,NaN,NaN,,NaN,,NaN,,65,NaN,60,NaN,1,3,1,1,1,1,1,1,1,2,1,2,1,1,1,1,1,1,1,2,1,1,752896.364,4445652.837,244.708,Sec,2852,19,1
5282,2,2006460005162,3,5,27,5,6,2,1,CV-512,0.4,0,4,0,1,5,2,2,3,3,2,1,1,1,1,1,7,7,8,1,1,1,9,14,3,1,1,NaN,1,NaN,NaN,,NaN,,NaN,,NaN,61,60,NaN,1,4,2,1,1,1,1,1,1,1,1,1,1,1,1,1,1,1,1,2,1,1,723064.173,4341305.673,-4.56,Cob,11704,15,2
1780,1,2005460001782,3,10,29,6,6,2,2,CV-50,15.6,15,6,0,1,5,3,2,3,3,2,1,2,2,1,1,7,7,8,1,5,1,2,14,1,1,3,NaN,2,1,NaN,,NaN,,NaN,,NaN,NaN,NaN,NaN,1,4,1,1,1,1,1,1,2,1,1,1,1,1,1,1,1,1,1,2,1,2,725359.191,4332692.67,25.507,Cob,14639,21,4
11900,4,2008030002524,1,9,20,4,6,2,1,CV-820,0,0,0,0,1,5,3,2,4,2,2,1,2,1,1,1,3,5,8,1,1,1,9,14,3,1,3,NaN,2,NaN,NaN,,NaN,,NaN,,NaN,52,50,NaN,1,4,2,1,1,1,1,1,1,1,1,1,1,1,1,1,1,1,1,2,2,1,713993.37,4254006.616,116.838,Cob,6724,12,6
14637,5,2009030000095,1,1,12,1,1,4,1,CV-84,0.7,0,7,0,1,5,3,2,3,4,2,2,1,1,1,1,5,2,5,1,3,1,9,14,1,1,1,NaN,1,NaN,NaN,,NaN,,NaN,,NaN,61,60,NaN,1,4,1,1,1,1,1,2,1,1,1,1,1,1,1,1,1,1,1,2,1,1,698564.642,4241043.896,128.694,Sec,16947,23,6
249,1,2005030000632,1,8,8,5,1,4,2,CV-925,27.6,27,6,0,1,5,2,2,2,2,2,1,2,2,1,1,2,1,8,1,1,1,9,14,3,1,1,NaN,1,3,NaN,,NaN,,NaN,,NaN,NaN,NaN,NaN,1,4,1,1,1,1,1,1,1,1,1,1,1,2,1,1,1,1,1,2,1,1,689742.213,4196713.925,108.312,Sec,0,15,7
8649,3,2007120001257,2,8,12,6,7,3,1,CV-132,1.5,1,5,1,1,4,2,2,3,3,2,1,1,2,2,1,7,7,8,3,1,5,9,14,1,1,1,NaN,2,NaN,NaN,,NaN,,NaN,,67,NaN,60,NaN,1,4,1,1,1,1,1,2,1,1,1,1,1,1,1,1,1,1,1,2,1,2,768722.208,4487756.651,382.708,Sec,3676,20,4
8735,3,2007120001715,2,10,17,6,3,1,2,CV-132,2.6,2,6,1,1,5,2,2,3,3,2,1,1,2,1,1,7,7,8,3,5,4,9,14,3,1,3,NaN,2,1,NaN,,NaN,,NaN,,NaN,NaN,NaN,NaN,1,4,1,1,1,1,1,1,2,1,1,1,1,1,1,1,1,1,1,2,1,1,769103.308,4486754.198,367.059,Sec,3676,21,2
7981,3,2007030003296,1,10,24,6,3,1,2,CV-913,0.1,0,1,0,1,5,2,3,3,3,2,1,1,1,1,1,7,7,8,1,3,4,9,14,2,2,3,NaN,1,2,NaN,,NaN,,NaN,,NaN,NaN,NaN,NaN,1,4,1,1,1,1,1,1,2,1,1,1,1,1,1,1,1,1,1,2,2,1,687256.386,4222260.49,-12.209,Sec,7690,19,1
2018,1,2005460002487,3,12,19,3,1,1,1,CV-50,28.1,28,1,0,1,2,3,2,3,3,2,2,2,1,2,2,7,7,8,1,1,1,9,3,1,1,3,NaN,2,NaN,NaN,,NaN,,NaN,,NaN,52,50,NaN,1,4,2,1,1,1,1,1,1,1,1,1,1,1,1,1,1,1,1,2,1,1,716799.466,4340622.208,0.243,Sec,21900,10,5
2846,2,2006030001832,1,6,3,6,6,2,2,CV-920,16.8,16,8,1,1,5,3,2,3,3,2,1,2,2,2,2,7,7,8,1,5,1,9,14,3,1,3,NaN,2,1,NaN,,NaN,,NaN,,NaN,NaN,NaN,NaN,1,4,2,1,1,2,1,2,2,1,1,1,1,1,1,1,1,1,1,2,1,1,691404.4,4217520.436,-3.995,Cob,7061,22,2
4558,2,2006460000582,3,1,15,4,7,3,2,CV-81,8,8,0,0,1,5,3,2,3,3,2,1,1,2,1,1,7,7,8,2,1,1,2,14,1,1,1,NaN,2,NaN,NaN,,NaN,,NaN,,NaN,NaN,NaN,71,1,4,1,1,1,1,1,2,2,1,1,1,1,1,1,1,1,1,1,2,1,1,708148.712,4297118.269,400.08,Cob,3706,13,5
4974,2,2006460003616,3,3,31,6,5,1,1,CV-35,18,18,0,0,1,2,3,2,3,4,2,2,2,1,2,2,7,7,8,1,5,1,9,14,1,1,1,NaN,2,NaN,NaN,,NaN,,NaN,,66,NaN,60,NaN,1,4,1,1,1,1,1,2,1,1,1,1,1,1,1,1,1,1,1,2,1,1,710899.038,4386649.983,113.72,Per,43300,20,1
19754,6,2010460003191,3,6,13,6,7,3,2,CV-50,72.9,72,9,0,1,5,3,2,3,3,2,1,1,1,1,1,7,7,4,1,1,1,9,14,1,1,1,NaN,2,2,NaN,,NaN,,NaN,,NaN,NaN,NaN,NaN,1,4,1,1,1,1,1,1,2,1,1,1,1,1,1,1,1,1,1,2,1,1,698436.868,4372005.163,214.375,Cob,4517,17,1
17805,5,2009460007352,3,12,11,4,5,1,2,CV-32,2.1,2,1,0,1,5,3,2,3,5,2,2,2,2,2,2,7,7,5,1,1,1,9,14,3,1,3,NaN,2,NaN,30,29,NaN,,NaN,,NaN,NaN,NaN,NaN,1,4,2,1,1,1,1,1,1,1,1,1,1,1,1,1,1,1,1,2,1,1,730682.117,4382292.819,-5.991,Per,24274,11,1
15569,5,2009030002695,1,10,21,4,3,1,1,CV-763,3.5,3,5,0,1,5,2,2,3,3,2,1,1,1,1,1,7,7,8,1,1,1,9,14,1,1,1,NaN,2,NaN,NaN,,NaN,,NaN,,66,NaN,60,NaN,1,4,2,1,2,1,1,1,2,1,1,1,1,1,1,1,1,1,1,2,1,1,751514.496,4275141.92,112.927,Cob,11852,11,1
928,1,2005120000411,2,8,13,3,6,2,1,CV-10,12.6,12,6,1,1,2,3,2,3,4,2,2,2,1,2,2,7,7,8,1,1,1,9,14,3,1,1,NaN,2,NaN,NaN,,21,24,NaN,,NaN,NaN,NaN,NaN,1,4,1,1,1,1,1,1,1,1,1,1,1,1,1,1,1,2,1,2,1,1,769811.091,4480958.609,307.688,Sec,28983,10,2
13450,4,2008460003068,3,5,3,4,6,2,3,CV-35,9,9,0,0,1,2,2,2,3,4,2,2,2,2,2,2,6,1,8,1,1,1,9,14,3,1,1,NaN,1,4,NaN,,NaN,,NaN,,NaN,NaN,NaN,NaN,1,4,2,1,1,1,1,1,1,1,1,1,1,1,1,1,1,1,1,2,1,1,717369.299,4381014.853,95.977,Per,62359,14,6
2821,2,2006030001796,1,5,24,4,3,1,2,CV-821,4.4,4,4,1,1,5,2,2,3,1,2,1,1,1,1,1,5,1,8,1,1,1,9,14,2,1,1,NaN,2,2,NaN,,NaN,,NaN,,NaN,NaN,NaN,NaN,2,4,1,1,1,1,1,1,2,1,1,1,1,1,1,1,1,1,1,2,1,2,720682.698,4253700.498,44.731,Sec,28963,11,6
1538,1,2005460000887,3,8,15,5,1,3,1,CV-35,68.9,68,9,1,1,5,2,3,3,3,2,1,2,2,1,1,7,7,8,1,1,1,2,14,1,1,3,NaN,2,NaN,NaN,,NaN,,NaN,,65,NaN,60,NaN,1,4,1,2,1,1,1,2,2,1,1,1,1,1,1,1,1,1,1,2,1,1,697442.106,4395866.117,257.592,Cob,1958,15,5
300,1,2005030000819,1,8,22,3,1,4,2,CV-91,8.4,8,4,0,1,3,3,1,3,1,2,1,1,1,1,1,5,3,4,1,1,1,9,14,2,1,1,NaN,1,4,NaN,,NaN,,NaN,,NaN,NaN,NaN,NaN,1,4,2,1,1,1,1,1,2,1,1,1,1,1,1,1,1,1,1,2,1,1,689158.675,4218128.89,-12.755,Sec,13355,8,6
7242,3,2007030001559,1,5,30,5,3,1,1,CV-763,0.5,0,5,1,1,5,2,3,3,3,2,1,1,1,1,1,7,7,5,1,1,1,9,14,3,1,1,NaN,1,NaN,NaN,,NaN,,NaN,,NaN,61,60,NaN,1,4,2,1,2,1,1,1,1,1,1,1,1,1,1,1,1,1,1,2,2,3,750660.05,4275706.997,165.17,Cob,10087,15,2
18739,6,2010030003493,1,8,19,6,4,1,2,CV-905,0,0,0,0,1,5,1,2,3,3,2,2,2,1,2,2,3,6,4,1,1,1,9,14,1,1,1,NaN,2,4,NaN,,NaN,,NaN,,NaN,NaN,NaN,NaN,2,4,2,1,1,1,1,1,1,1,1,1,1,1,1,1,1,1,1,2,2,3,698062.729,4215016.961,1.517,Pri,23802,19,6
3437,2,2006030003342,1,10,25,6,3,1,2,CV-821,4.5,4,5,0,1,5,3,2,3,3,2,1,1,1,1,1,5,1,8,1,3,1,9,14,1,2,2,1,2,NaN,NaN,,NaN,,NaN,,NaN,63,60,NaN,1,4,1,1,1,1,1,1,2,1,1,1,1,1,1,1,1,1,1,2,1,1,720111.512,4253340.597,49.367,Sec,28963,22,6
10133,3,2007460005336,3,7,24,3,2,1,2,CV-410,5,5,0,0,1,5,2,2,3,3,2,1,2,2,2,2,5,1,8,1,1,1,9,14,3,1,1,NaN,1,3,NaN,,NaN,,NaN,,NaN,NaN,NaN,NaN,1,4,1,1,1,1,1,1,2,1,1,1,1,1,1,1,1,1,1,2,2,2,716541.16,4372783.825,43.957,Pri,31883,7,6
5186,2,2006460004439,3,5,8,6,1,4,3,CV-35,3.7,3,7,1,1,2,3,2,3,4,2,2,2,1,2,2,7,7,8,1,1,1,9,14,3,1,3,NaN,2,5,NaN,,NaN,,NaN,,NaN,NaN,NaN,NaN,3,4,2,1,1,1,1,1,1,1,1,1,1,1,1,1,1,1,1,2,1,1,654624.554,4423010.12,915.411,Per,129800,19,1
16012,5,2009120000794,2,4,20,6,1,4,2,CV-17,0,0,0,1,1,5,3,2,3,4,2,1,2,2,2,2,5,1,4,1,1,1,9,14,1,1,1,NaN,2,4,NaN,,NaN,,NaN,,NaN,NaN,NaN,NaN,1,4,2,1,1,1,1,1,1,1,1,1,1,1,1,1,1,1,1,2,2,1,745718.594,4430628.172,72.343,Sec,19986,17,6
15960,5,2009120000660,2,3,28,6,6,2,1,CV-195,12.5,12,5,1,1,5,3,2,3,1,2,1,1,2,1,1,7,7,8,3,5,4,9,14,1,1,1,NaN,2,NaN,NaN,,NaN,,NaN,,65,NaN,60,NaN,2,4,1,1,1,1,1,1,1,2,1,1,1,1,1,1,1,2,1,1,1,1,712949.772,4441682.021,537.138,Pri,816,22,5
10871,3,2007460008946,3,12,23,5,7,3,1,CV-590,49.8,49,8,0,1,5,2,2,3,3,2,1,2,2,2,2,7,7,8,3,1,5,9,14,3,1,3,NaN,2,NaN,NaN,,NaN,,NaN,,55,NaN,50,NaN,1,4,2,1,2,1,1,1,1,1,1,1,1,1,1,1,1,1,1,2,1,1,701029.038,4317979.113,263.885,Cob,7020,16,1
12902,4,2008120002634,2,12,29,6,1,4,3,CV-10,5.4,5,4,1,1,5,3,2,3,4,2,2,2,1,2,1,7,7,8,3,5,4,9,14,3,1,1,NaN,1,NaN,30,32,NaN,,NaN,,NaN,NaN,NaN,NaN,1,4,1,1,1,1,1,1,1,1,1,1,1,2,1,1,1,1,1,2,1,1,772478.551,4485767.555,304.844,Sec,37086,20,1
15328,5,2009030001851,1,7,19,2,7,3,1,CV-775,22.3,22,3,0,1,5,2,3,3,2,1,1,1,1,1,1,7,7,8,1,5,1,9,14,2,1,1,NaN,1,NaN,NaN,,NaN,,NaN,,NaN,62,60,NaN,1,4,2,1,1,1,1,1,1,1,1,1,1,1,1,1,1,1,1,2,1,2,733706.289,4273571.913,361.493,Cob,280,5,2
8410,3,2007120000547,2,4,6,3,5,3,1,CV-10,33.5,33,5,1,1,2,3,2,3,4,2,2,1,1,1,1,7,7,8,3,1,4,9,4,1,1,1,NaN,2,NaN,NaN,,NaN,,NaN,,NaN,52,50,NaN,1,4,1,1,1,1,1,2,1,1,1,1,2,1,1,1,1,1,1,2,1,1,762462.227,4462469.303,220.966,Cob,15686,9,3
9864,3,2007460004375,3,6,13,6,3,1,2,CV-40,18.1,18,1,1,1,2,3,2,3,4,2,2,2,1,2,2,7,7,8,1,1,1,5,14,3,1,3,NaN,2,4,NaN,,NaN,,NaN,,NaN,NaN,NaN,NaN,1,4,2,1,1,1,1,1,2,1,1,1,1,1,1,1,1,1,1,2,1,1,711524.799,4313660.856,207.182,Cob,23500,19,2
4851,2,2006460003095,3,3,5,3,7,3,1,CV-50,6.9,6,9,1,1,5,3,2,3,3,2,1,1,2,2,1,7,7,8,3,1,8,9,14,1,1,3,NaN,2,NaN,NaN,,NaN,,NaN,,NaN,64,60,NaN,1,4,1,1,1,1,1,2,1,1,1,1,1,1,1,1,1,1,1,2,1,1,704139.162,4382980.468,90.309,Cob,12744,10,5
19942,6,2010460004482,3,8,10,3,2,1,1,CV-245,15.5,15,5,0,2,5,2,3,2,1,2,1,1,1,1,1,1,1,8,1,1,1,9,14,3,1,1,NaN,1,NaN,NaN,,21,21,NaN,,NaN,NaN,NaN,NaN,2,4,2,1,1,1,1,1,1,1,1,1,1,1,1,1,1,1,1,2,1,1,696780.516,4407895.653,748.612,Cob,1482,10,7
1947,1,2005460002292,3,11,25,3,5,1,4,CV-407,2.5,2,5,0,1,5,3,2,3,3,2,1,1,1,1,1,7,7,8,1,1,1,9,14,2,1,1,NaN,1,5,NaN,,NaN,,NaN,,NaN,NaN,NaN,NaN,2,4,2,1,1,1,1,1,1,1,1,1,1,1,1,1,1,1,1,2,2,1,723282.977,4368527.513,-0.456,Cob,10299,8,1
10933,4,2008030000030,1,1,3,6,4,1,1,CV-904,5.5,5,5,0,1,5,3,2,3,3,2,1,2,2,2,1,7,7,5,1,5,1,9,14,1,1,3,NaN,2,NaN,NaN,,21,21,NaN,,NaN,NaN,NaN,NaN,1,4,2,1,1,1,1,1,2,1,1,1,1,1,1,1,1,1,1,2,1,1,692044.733,4228632.812,-15.608,Cob,4764,21,1
9333,3,2007460002381,3,3,10,2,6,2,3,CV-35,12.5,12,5,1,1,2,3,2,3,1,2,2,2,1,2,2,7,7,8,1,5,1,9,8,1,1,3,NaN,2,2,NaN,,NaN,,NaN,,NaN,NaN,NaN,NaN,1,3,2,1,1,1,1,2,1,1,1,1,1,1,1,1,1,1,1,2,1,1,661600.094,4420410.72,886.686,Per,76000,6,1
11283,4,2008030000873,1,4,4,6,5,1,1,CV-825,1.8,1,8,1,1,5,2,3,3,3,2,1,1,1,1,1,7,7,5,1,5,1,9,14,3,1,1,NaN,1,NaN,NaN,,NaN,,NaN,,NaN,51,50,NaN,1,4,2,2,1,1,1,1,1,1,1,1,1,1,1,1,1,2,1,2,1,1,700844.493,4253222.384,239.933,Sec,4601,21,1
7107,3,2007030001287,1,5,4,6,5,1,1,CV-905,6.8,6,8,0,1,5,2,3,3,3,2,2,2,2,2,1,7,7,8,1,3,1,9,14,3,1,3,NaN,2,NaN,NaN,,NaN,,NaN,,NaN,51,50,NaN,1,4,2,1,1,1,1,1,1,1,1,1,1,1,1,1,1,1,1,2,1,1,701701.897,4210703.67,-15.131,Cob,30384,20,2
3921,2,2006120000403,2,3,5,1,7,3,1,CV-20,7.2,7,2,1,1,5,3,2,3,1,2,2,1,1,1,1,5,3,4,1,3,1,2,14,1,2,1,NaN,2,NaN,NaN,,NaN,,NaN,,NaN,63,60,NaN,1,4,1,1,1,1,1,2,1,1,1,1,1,1,1,1,1,1,1,2,1,1,707182.541,4441289.594,581.788,Pri,18602,1,7
9540,3,2007460003235,3,4,19,6,4,1,2,CV-403,0.1,0,1,1,1,5,2,2,3,3,2,1,1,2,2,2,5,1,8,1,1,1,9,14,3,1,1,NaN,1,3,NaN,,NaN,,NaN,,NaN,NaN,NaN,NaN,1,4,1,1,1,1,1,1,2,1,1,1,1,1,1,1,1,1,1,2,2,1,719164.73,4369207.985,23.651,Cob,17537,17,6
607,1,2005030001656,1,11,19,6,6,2,2,CV-950,3.8,3,8,0,1,5,2,3,3,3,2,1,2,2,1,1,7,7,8,1,1,1,9,14,1,1,1,NaN,2,2,NaN,,NaN,,NaN,,NaN,NaN,NaN,NaN,1,4,1,1,1,1,1,1,2,1,1,1,1,1,1,1,1,1,1,2,1,1,687310.779,4211710.642,81.721,Cob,482,17,2
2619,2,2006030001366,1,4,26,3,3,1,1,CV-83,14,14,0,1,1,5,3,2,3,4,2,1,1,1,1,1,7,7,8,1,1,1,9,14,3,1,1,NaN,2,NaN,NaN,,NaN,,NaN,,NaN,64,60,NaN,1,4,2,1,1,2,1,1,1,1,1,1,1,1,1,1,1,1,1,2,1,1,679224.888,4254836.231,497.379,Cob,6039,8,1
5824,2,2006460008200,3,9,16,2,6,2,1,CV-50,4.9,4,9,0,1,5,3,2,3,3,2,1,1,1,2,1,7,7,8,1,5,1,4,14,3,1,3,NaN,1,NaN,NaN,,NaN,,NaN,,NaN,62,60,NaN,1,4,2,1,1,1,1,1,1,1,1,1,1,1,1,1,1,1,1,2,1,1,734367.338,4327679.997,9.44,Sec,16705,5,1
747,1,2005030001978,1,12,16,6,5,1,1,CV-905,5.8,5,8,0,1,5,2,2,3,3,2,2,1,1,2,2,7,7,8,1,4,1,9,14,1,1,1,NaN,1,NaN,NaN,,21,21,NaN,,NaN,NaN,NaN,NaN,2,4,2,1,1,1,1,1,2,1,1,1,1,1,1,1,1,1,1,2,1,1,701026.507,4211411.435,-8.552,Cob,34680,19,1
1976,1,2005460002355,3,12,4,1,7,3,2,CV-35,4.8,4,8,1,1,2,3,2,3,3,2,2,2,1,2,2,7,7,8,1,3,1,9,14,2,1,1,NaN,1,4,NaN,,NaN,,NaN,,NaN,NaN,NaN,NaN,1,4,1,1,1,1,1,1,2,1,1,1,1,1,1,1,1,1,1,2,1,1,655525.386,4422910.006,940.595,Per,124800,0,1
4841,2,2006460003037,3,3,2,3,4,1,3,CV-35,8.1,8,1,0,1,2,3,2,3,4,2,2,2,1,2,2,7,7,5,1,1,1,9,14,3,1,3,NaN,2,5,NaN,,NaN,,NaN,,NaN,NaN,NaN,NaN,2,4,2,1,1,1,1,2,1,1,1,1,1,1,1,1,1,1,1,2,1,1,718078.445,4380665.564,90.389,Per,91900,9,1
9716,3,2007460003802,3,5,17,4,4,1,4,CV-50,6,6,0,1,1,5,2,2,3,3,2,1,1,1,2,1,1,6,8,1,1,1,2,14,3,1,1,NaN,1,4,NaN,,NaN,,NaN,,NaN,NaN,NaN,NaN,1,4,1,1,1,1,1,1,1,1,1,1,1,1,1,1,1,1,2,2,1,1,704346.475,4383833.58,81.38,Sec,9803,12,7
15810,5,2009030003594,1,12,27,6,7,3,2,CV-865,5.9,5,9,1,1,5,3,2,3,4,2,1,1,1,2,2,6,6,3,1,5,1,9,14,1,1,3,NaN,2,2,NaN,,NaN,,NaN,,NaN,NaN,NaN,NaN,1,4,1,1,1,1,1,1,2,1,1,1,1,1,1,1,1,1,1,2,1,1,708558.25,4234335.071,-1.843,Cob,13788,18,6
1624,1,2005460001231,3,9,10,4,6,2,2,CV-60,22.1,22,1,0,1,5,3,2,3,3,2,1,1,1,1,1,7,7,5,1,1,1,9,14,2,1,1,NaN,1,2,NaN,,NaN,,NaN,,NaN,NaN,NaN,NaN,1,4,1,1,1,1,1,1,2,1,1,1,1,1,1,1,1,1,1,2,1,1,730621.227,4308858.537,228.845,Cob,10672,11,2
754,1,2005030001989,1,12,26,3,1,2,1,CV-755,16.5,16,5,0,1,4,2,2,3,3,2,1,1,2,1,1,7,7,5,3,1,9,9,14,1,1,3,NaN,2,NaN,NaN,,NaN,,NaN,,NaN,52,50,NaN,1,4,1,1,1,1,1,2,1,2,1,1,1,1,1,1,1,1,1,2,1,1,753728.904,4280183.268,57.437,Cob,2456,8,5
15392,5,2009030002089,1,8,24,2,1,4,1,CV-736,5.2,5,2,1,1,5,3,2,3,3,2,1,2,2,2,2,7,7,8,1,4,1,9,14,1,1,3,NaN,2,NaN,NaN,,NaN,,NaN,,NaN,64,60,NaN,1,4,1,1,1,1,1,2,1,1,1,1,1,1,1,1,1,1,1,2,2,3,773292.67,4301442.858,51.798,Cob,4724,5,4
5110,2,2006460004053,3,4,27,5,4,1,2,CV-35,33.8,33,8,0,1,5,3,2,3,3,2,1,2,1,2,1,7,7,5,1,1,1,9,8,1,1,1,NaN,2,4,NaN,,NaN,,NaN,,NaN,NaN,NaN,NaN,1,4,2,1,1,1,1,1,1,1,1,1,1,1,1,1,1,1,1,2,1,1,699117.456,4394195.704,212.194,Per,11200,16,1
13781,4,2008460004622,3,7,13,4,7,3,2,CV-590,50.2,50,2,1,1,5,3,2,3,3,2,1,1,1,1,1,7,7,8,1,1,1,9,14,3,1,1,NaN,2,4,NaN,,NaN,,NaN,,NaN,NaN,NaN,NaN,1,4,1,1,1,1,1,1,2,1,1,1,1,1,1,1,1,1,1,2,2,2,677001.606,4319580.2,1004.573,Cob,5352,13,1
18551,6,2010030002401,1,6,27,6,7,3,2,CV-700,8.5,8,5,0,1,5,3,2,3,3,2,1,1,1,1,1,7,7,3,3,1,4,9,14,3,1,3,NaN,2,2,NaN,,NaN,,NaN,,NaN,NaN,NaN,NaN,1,4,1,1,1,1,1,1,2,1,1,1,1,1,1,1,1,1,1,2,2,2,715874.935,4296218.503,619.916,Cob,1948,17,1
13331,4,2008460002602,3,4,6,4,7,3,2,CV-36,2.5,2,5,0,1,2,3,2,3,3,2,2,2,1,2,2,5,1,8,1,1,1,9,14,2,1,1,NaN,1,3,NaN,,NaN,,NaN,,NaN,NaN,NaN,NaN,1,4,2,1,1,1,1,1,2,1,1,1,1,1,1,1,1,1,1,2,1,1,715691.706,4369349.42,39.923,Pri,71972,12,6
15181,5,2009030001507,1,6,29,4,1,1,4,CV-725,1.3,1,3,0,1,5,3,2,3,3,2,1,2,1,2,1,7,7,7,1,1,1,9,14,3,1,3,NaN,2,5,NaN,,NaN,,NaN,,NaN,NaN,NaN,NaN,1,4,1,1,1,1,1,1,2,1,1,1,1,1,1,1,1,1,1,2,1,1,763439.346,4301487.227,16.506,Pri,21233,14,2
11827,4,2008030002176,1,8,23,1,6,2,2,CV-900,2.6,2,6,1,1,5,2,2,3,3,2,1,1,2,1,1,7,7,8,1,3,1,9,13,1,2,3,NaN,2,NaN,NaN,,NaN,,NaN,,NaN,54,50,NaN,1,4,2,1,2,1,1,1,1,1,1,1,1,1,1,1,1,1,1,2,1,1,685634.177,4224850.412,-6.692,Cob,8167,4,1
19267,6,2010460000681,3,2,2,5,2,1,1,CV-35,14,14,0,1,1,5,2,2,3,4,2,2,2,2,2,2,7,7,8,3,1,1,9,14,3,1,1,NaN,1,NaN,NaN,,NaN,,NaN,,NaN,64,60,NaN,1,4,1,1,1,1,1,1,1,1,1,1,1,1,1,1,1,1,2,2,1,1,662386.877,4419383.786,895.429,Per,82145,15,1
1003,1,2005120000721,2,10,12,4,3,3,2,CV-170,4,4,0,0,1,5,2,3,4,1,2,1,1,2,1,1,7,7,8,3,1,4,2,14,1,1,1,NaN,2,2,NaN,,NaN,,NaN,,NaN,NaN,NaN,NaN,1,4,2,1,1,1,1,2,1,2,1,1,1,1,2,1,1,1,1,2,1,2,746455.036,4455296.554,322.102,Cob,1230,11,4
13492,4,2008460003216,3,5,11,5,7,3,1,CV-32,0.8,0,8,0,1,5,2,2,3,3,2,1,2,1,1,1,5,1,8,3,1,4,9,14,2,1,1,NaN,1,NaN,NaN,,NaN,,NaN,,NaN,64,60,NaN,1,4,1,1,1,1,1,2,1,1,1,1,1,1,2,1,1,2,1,2,1,1,731810.089,4381716.847,-19.172,Per,23936,16,6
17416,5,2009460004914,3,8,24,3,1,4,1,CV-42,9,9,0,0,1,5,3,2,3,3,2,1,1,1,1,1,5,1,8,1,1,1,5,14,1,1,1,NaN,2,NaN,NaN,,NaN,,NaN,,NaN,63,60,NaN,1,4,1,1,1,1,1,1,1,1,1,1,1,1,1,1,1,2,1,2,1,1,722630.504,4344904.393,-6.72,Cob,7179,8,6
8626,3,2007120001204,2,8,3,3,5,1,1,CV-18,7.6,7,6,0,1,5,3,2,3,3,2,1,2,2,2,2,7,7,8,1,1,1,9,14,1,1,3,NaN,2,NaN,NaN,,NaN,,NaN,,NaN,54,50,NaN,1,3,1,1,1,1,1,2,2,1,1,1,1,1,1,1,1,1,1,2,1,1,750213.53,4421492.73,-4.423,Cob,16624,8,2
1628,1,2005460001254,3,9,14,6,3,1,1,CV-41,14,14,0,1,1,5,2,2,3,3,2,1,1,1,1,1,7,7,5,1,5,1,9,14,3,1,3,NaN,2,NaN,NaN,,NaN,,NaN,,66,NaN,60,NaN,1,4,2,1,1,1,1,1,1,1,1,1,1,1,1,1,1,1,1,2,1,1,718667.952,4330971.194,2.225,Cob,8853,21,1
16893,5,2009460002554,3,4,22,4,3,1,1,CV-40,10.4,10,4,1,1,2,2,2,4,3,2,1,1,1,2,1,7,7,8,1,1,1,9,14,3,1,1,NaN,2,NaN,NaN,,NaN,,NaN,,NaN,63,60,NaN,1,4,1,2,1,1,1,2,1,1,1,1,1,1,1,1,1,1,1,2,1,1,710208.656,4306433.395,238.319,Per,22222,13,1
1834,1,2005460001951,3,11,10,2,4,1,1,CV-365,3.3,3,3,0,1,5,3,2,3,4,2,1,2,1,2,2,4,1,8,3,4,5,4,14,3,1,3,NaN,2,NaN,NaN,,21,21,NaN,,NaN,NaN,NaN,NaN,1,4,1,1,1,1,1,1,2,1,1,1,1,1,1,1,1,1,1,2,1,1,718758.358,4376596.248,42.226,NaN,0,6,6
10873,3,2007460008963,3,12,24,6,1,2,1,CV-40,1,1,0,1,1,2,3,2,3,3,2,2,2,2,2,2,7,7,8,3,1,1,9,14,3,1,3,NaN,1,NaN,NaN,,NaN,,NaN,,NaN,54,50,NaN,1,4,1,1,1,1,1,2,1,1,1,1,1,1,1,1,1,1,1,2,1,1,715395.519,4301013.148,349.005,Cob,24000,17,2
1446,1,2005460000695,3,7,31,4,7,3,1,CV-25,13.5,13,5,0,1,5,1,3,4,1,2,1,1,1,1,1,7,7,8,1,1,1,9,14,2,1,1,NaN,1,NaN,NaN,,NaN,,NaN,,NaN,62,60,NaN,1,4,2,1,1,1,1,1,1,1,1,1,1,1,1,1,1,1,1,2,1,1,711821.925,4400200.662,333.126,Cob,758,12,2
371,1,2005030001090,1,9,14,6,3,1,2,CV-920,6.3,6,3,1,1,5,3,1,3,2,2,1,1,1,1,1,5,6,4,1,1,1,9,14,1,1,3,NaN,2,3,NaN,,NaN,,NaN,,NaN,NaN,NaN,NaN,1,4,1,1,1,1,1,1,2,1,1,1,1,1,1,1,1,1,1,2,1,1,699612.856,4219335.832,-20.52,Cob,7582,19,6
10424,3,2007460006443,3,10,1,6,1,1,1,CV-35,4,4,0,1,1,2,3,2,3,3,2,2,2,2,2,2,7,7,7,1,1,1,9,14,1,1,1,NaN,1,NaN,30,31,NaN,,NaN,,NaN,NaN,NaN,NaN,1,4,1,1,1,1,1,1,1,1,1,1,1,1,1,1,1,1,2,2,2,2,654769.303,4422941.759,930.62,Per,125000,19,1
5044,2,2006460003732,3,4,9,3,7,3,1,CV-245,20.1,20,1,0,1,5,2,3,3,3,2,1,1,2,1,1,7,7,5,1,1,1,9,14,2,1,1,NaN,2,NaN,NaN,,NaN,,NaN,,NaN,64,60,NaN,1,4,1,1,1,1,1,2,1,1,1,1,1,1,1,1,1,1,1,2,2,2,700216.986,4410133.278,847.889,Cob,1351,10,2
10283,3,2007460005881,3,9,8,4,6,2,1,CV-50,35.7,35,7,0,1,4,3,2,3,3,2,1,1,1,1,1,7,7,8,1,1,1,9,14,2,1,1,NaN,2,NaN,NaN,,NaN,,NaN,,NaN,63,60,NaN,1,4,2,1,1,1,1,1,1,1,1,1,1,1,1,1,1,1,1,2,1,1,712646.921,4346432.574,41.29,Cob,6044,13,1
14181,4,2008460006711,3,10,6,3,1,1,5,CV-35,7.4,7,4,1,1,2,3,2,3,4,2,2,1,1,2,1,7,7,8,1,1,1,9,13,3,1,1,NaN,1,5,NaN,,NaN,,NaN,,NaN,NaN,NaN,NaN,3,4,2,1,1,1,1,1,1,1,1,1,1,1,1,1,1,1,1,2,1,2,657216.476,4422092.341,992.438,Per,100952,8,1
2389,2,2006030000851,1,3,7,4,2,1,2,CV-799,9.5,9,5,1,1,5,3,2,3,1,2,1,1,1,1,1,7,7,8,1,1,1,2,4,1,1,1,NaN,2,3,NaN,,NaN,,NaN,,NaN,NaN,NaN,NaN,1,4,2,1,1,1,1,2,1,1,1,1,1,1,1,1,1,1,1,2,1,1,691400.5,4278344.87,553.573,Cob,3818,12,4
19254,6,2010460000605,3,1,30,2,6,2,1,CV-50,37,37,0,1,1,5,2,2,3,3,2,1,2,2,2,2,7,7,8,1,4,1,9,14,1,1,1,NaN,2,NaN,NaN,,NaN,,NaN,,NaN,61,60,NaN,1,4,2,1,2,1,1,2,2,1,1,1,1,1,1,1,1,1,1,2,1,2,701706.787,4360158.672,189.045,Cob,5091,6,5
7646,3,2007030002426,1,8,8,3,3,1,1,CV-811,3.8,3,8,0,1,5,3,2,3,3,2,1,1,1,1,2,7,7,8,1,1,1,2,14,1,1,1,NaN,2,NaN,NaN,,NaN,,NaN,,66,NaN,60,NaN,1,3,2,1,1,1,1,1,1,1,1,1,1,1,1,1,1,2,1,2,1,1,700620.798,4275212.764,676.896,Cob,832,8,5
2362,2,2006030000806,1,3,12,4,7,3,2,CV-900,12,12,0,0,1,5,1,1,3,3,2,2,2,2,1,1,5,1,4,1,1,1,9,14,1,1,1,NaN,2,4,NaN,,NaN,,NaN,,NaN,NaN,NaN,NaN,1,3,2,1,1,1,1,1,2,1,1,1,1,1,1,1,1,1,1,2,2,1,685587.016,4225176.586,-12.92,Cob,7869,12,6
9900,3,2007460004475,3,6,14,6,4,1,1,CV-400,1.3,1,3,1,1,5,2,2,2,3,2,1,1,1,2,2,5,1,4,1,3,1,9,14,3,1,1,NaN,1,NaN,NaN,,NaN,,NaN,,NaN,54,50,NaN,1,4,2,1,1,1,1,1,1,1,1,1,1,1,1,1,1,1,1,2,2,3,722717.75,4365014.96,-6.756,Pri,31654,22,6
14352,4,2008460007493,3,11,7,6,5,1,1,CV-40,14.9,14,9,0,1,2,3,2,3,4,2,2,2,1,2,2,7,7,5,1,5,1,9,14,3,1,1,NaN,1,NaN,NaN,,NaN,,NaN,,NaN,54,50,NaN,1,4,1,1,1,1,1,1,1,1,1,1,1,2,1,1,1,1,1,2,1,1,710169.818,4306857.167,242.829,Cob,22336,22,1
16047,5,2009120000994,2,5,19,4,2,1,2,CV-170,2.9,2,9,0,1,5,2,3,3,3,2,1,1,2,2,2,7,7,8,1,1,1,9,14,1,1,3,NaN,2,2,NaN,,NaN,,NaN,,NaN,NaN,NaN,NaN,1,4,2,1,1,1,1,1,2,1,1,1,1,1,1,1,1,1,1,2,1,1,747477.098,4454753.894,285.715,Cob,2715,12,2
18876,6,2010120000496,2,3,14,2,7,3,1,CV-10,14.5,14,5,0,1,5,3,2,3,4,2,2,2,2,2,2,7,7,8,1,3,1,9,14,3,1,1,NaN,1,NaN,NaN,,NaN,,NaN,,56,NaN,50,NaN,1,4,2,1,1,1,1,1,1,1,1,1,1,1,1,1,1,1,1,2,1,1,742827.641,4427943.654,78.591,Sec,31562,6,1
13982,4,2008460005719,3,8,18,6,1,1,1,CV-42,9.4,9,4,1,1,5,3,1,3,3,2,1,1,2,2,1,5,2,4,1,4,1,9,14,1,1,1,NaN,2,NaN,NaN,,NaN,,NaN,,NaN,53,50,NaN,1,4,2,1,1,1,1,2,1,1,1,1,1,1,1,1,1,1,1,2,1,1,722673.605,4346067.855,-11.305,Cob,8736,22,6
11415,4,2008030001224,1,5,19,1,1,4,1,CV-865,5,5,0,0,1,5,3,2,3,3,2,1,1,1,2,2,7,7,8,3,5,1,9,14,1,1,1,NaN,2,NaN,NaN,,21,21,NaN,,NaN,NaN,NaN,NaN,1,4,1,1,1,1,1,1,1,1,1,1,1,1,1,1,1,2,1,2,1,1,707419.467,4235064.343,10.656,Cob,14206,1,1
17886,5,2009460007766,3,12,21,4,1,4,1,CV-43,0,0,0,0,1,5,3,2,3,3,2,1,1,1,1,1,7,7,8,3,1,4,9,11,3,1,1,NaN,2,NaN,NaN,,NaN,,NaN,,56,NaN,50,NaN,1,4,1,1,1,1,1,2,1,2,1,1,1,1,1,1,1,1,1,2,1,1,720730.454,4337117.951,-3.657,Cob,10645,11,2
8682,3,2007120001523,2,9,19,3,3,1,1,CV-16,4.8,4,8,1,1,5,3,2,3,3,2,1,1,1,1,1,7,7,6,1,5,1,9,14,1,2,3,NaN,2,NaN,NaN,,21,21,NaN,,NaN,NaN,NaN,NaN,1,4,1,1,1,1,1,1,2,1,1,1,1,1,1,1,1,1,1,2,1,1,743096.008,4436503.802,129.032,Sec,23726,7,1
5385,2,2006460005583,3,6,10,6,6,2,2,CV-32,3.2,3,2,0,1,5,3,2,3,1,2,1,1,1,1,1,5,3,4,1,1,1,9,14,1,1,1,NaN,1,4,NaN,,NaN,,NaN,,NaN,NaN,NaN,NaN,1,4,2,1,1,1,1,1,1,1,1,1,1,1,1,1,1,1,1,2,1,1,729694.256,4382751.214,-9.862,Cob,11800,19,6
3053,2,2006030002280,1,7,20,4,4,1,1,CV-912,7.3,7,3,1,1,5,2,3,3,3,2,1,1,1,1,1,7,7,8,1,1,1,9,14,2,1,3,NaN,1,NaN,NaN,,NaN,,NaN,,NaN,64,60,NaN,1,4,1,1,1,1,2,1,1,1,1,1,1,1,1,1,1,1,1,2,1,1,688368.304,4219568.001,-16.136,NaN,0,11,2
2190,2,2006030000296,1,1,28,3,6,2,2,CV-95,7.7,7,7,1,1,5,3,2,3,3,2,1,2,2,1,1,7,7,8,3,1,4,4,14,1,1,1,NaN,2,1,NaN,,NaN,,NaN,,NaN,NaN,NaN,NaN,1,4,2,1,1,2,1,1,1,1,1,1,1,1,1,1,1,1,1,2,1,2,694897.062,4205756.539,40.542,Cob,10522,8,4
10374,3,2007460006216,3,9,28,4,5,1,2,CV-686,2.8,2,8,1,1,5,3,2,3,1,2,1,1,1,1,1,5,6,4,1,1,1,9,14,1,2,3,NaN,2,NaN,30,29,NaN,,NaN,,NaN,NaN,NaN,NaN,1,4,1,1,1,1,2,1,1,1,1,1,1,1,1,1,1,1,1,2,1,1,742090.881,4313584.368,25.366,Cob,23000,11,6
5505,2,2006460006416,3,6,30,4,5,1,2,CV-32,3,3,0,0,1,2,2,2,3,1,2,1,2,2,2,2,5,1,4,1,1,1,9,14,1,1,1,NaN,1,3,NaN,,NaN,,NaN,,NaN,NaN,NaN,NaN,1,4,1,1,1,1,1,1,2,1,1,1,1,1,1,1,1,1,1,2,1,1,729875.744,4382671.875,-10.574,Cob,11800,14,6
18879,6,2010120000515,2,3,18,3,4,3,1,CV-135,18.3,18,3,0,1,5,1,3,3,1,2,1,1,1,1,1,7,7,8,1,1,1,9,14,3,1,1,NaN,2,NaN,NaN,,NaN,,NaN,,66,NaN,60,NaN,1,4,2,1,1,2,1,1,1,1,1,1,1,1,1,1,1,1,1,2,1,1,787287.009,4483088.339,37.878,Pri,3044,9,1
5947,2,2006460008485,3,10,3,3,2,1,2,CV-35,19.8,19,8,1,1,2,3,2,3,4,2,2,2,1,2,2,7,7,8,1,1,1,9,14,3,1,1,NaN,2,4,NaN,,NaN,,NaN,,NaN,NaN,NaN,NaN,1,4,1,1,1,1,1,1,2,1,1,1,1,1,1,1,1,1,1,2,1,1,664074.362,4414672.348,802.631,Per,43300,8,1
290,1,2005030000765,1,6,28,6,2,1,2,CV-900,5.2,5,2,1,2,5,3,2,1,1,2,1,1,1,1,1,1,1,8,1,2,1,8,13,3,1,1,NaN,1,2,NaN,,NaN,,NaN,,NaN,NaN,NaN,NaN,1,4,2,1,1,1,1,1,2,1,1,1,1,1,1,1,1,2,1,2,1,1,686836.183,4222663.524,-6.055,Cob,7956,22,7
6443,2,2006460010091,3,12,29,6,5,1,2,CV-60,28.8,28,8,1,1,5,2,2,3,2,2,1,1,1,1,1,7,7,8,1,1,1,9,14,3,1,3,NaN,1,4,NaN,,NaN,,NaN,,NaN,NaN,NaN,NaN,1,4,2,1,1,1,1,1,2,1,1,1,1,1,1,1,1,1,1,2,1,1,719355.92,4307827.459,167.207,Cob,14874,17,1
6017,2,2006460008678,3,10,20,6,5,1,1,CV-610,23.3,23,3,0,1,5,2,2,3,1,2,1,1,1,2,1,7,7,8,3,5,9,9,14,3,1,1,NaN,2,NaN,NaN,,21,24,NaN,,NaN,NaN,NaN,NaN,1,4,1,1,1,1,1,1,1,1,1,1,1,1,1,2,1,1,1,2,2,2,732035.714,4310268.65,157.124,Cob,3000,21,1
6634,3,2007030000418,1,2,6,4,2,1,2,CV-821,3.5,3,5,1,1,5,2,2,3,3,2,1,1,1,2,2,3,6,5,1,1,1,9,14,1,1,3,NaN,2,3,NaN,,NaN,,NaN,,NaN,NaN,NaN,NaN,2,4,2,1,1,1,1,1,2,1,1,1,1,1,1,1,1,1,1,2,1,1,721374.884,4254255.378,39.161,Sec,30587,13,6
11146,4,2008030000647,1,3,12,6,3,1,1,CV-945,1,1,0,0,1,5,2,2,3,3,2,1,2,2,1,1,7,7,8,1,1,1,9,14,3,1,1,NaN,2,NaN,NaN,,21,24,NaN,,NaN,NaN,NaN,NaN,1,4,1,1,1,1,1,1,1,1,1,1,1,1,1,2,1,1,1,2,1,1,699856.207,4211770.701,-22.844,Sec,12033,17,2
4223,2,2006120001252,2,8,13,6,7,3,1,CV-223,10,10,0,1,1,5,2,2,3,2,2,1,1,2,1,1,7,7,8,1,3,1,9,14,1,1,1,NaN,1,NaN,NaN,,NaN,,NaN,,NaN,52,50,NaN,1,4,1,1,1,1,1,2,1,1,1,1,1,1,1,1,1,1,1,2,1,3,727777.883,4422832.145,375.87,Sec,3912,21,2
6207,2,2006460009427,3,11,19,6,7,3,3,CV-35,5,5,0,1,1,2,3,2,3,4,2,2,2,1,2,2,7,7,8,1,3,1,9,14,2,1,3,NaN,2,2,NaN,,NaN,,NaN,,NaN,NaN,NaN,NaN,1,4,2,1,1,1,1,1,1,1,1,1,1,1,1,1,1,1,1,2,1,1,655684.852,4423022.859,935.81,Per,129800,18,1
